product_slug,image_no,old_path,new_semantic_path,visual_intent
ms-hollow-sections,1,/products/gallery5/ms-hollow-sections/ms-hollow-sections-supplier-gcc-srk-steel.jpg,/products/gallery5/ms-hollow-sections/ms-hollow-section-steel-frame-application-srk-steel.jpg,ms hollow section steel frame application
ms-hollow-sections,2,/products/gallery5/ms-hollow-sections/ms-hollow-sections-product-view-srk-steel.jpg,/products/gallery5/ms-hollow-sections/ms-hollow-sections-fabrication-stock-srk-steel.jpg,ms hollow sections fabrication stock
ms-hollow-sections,3,/products/gallery5/ms-hollow-sections/ms-hollow-sections-close-up-srk-steel.jpg,/products/gallery5/ms-hollow-sections/ms-shs-rhs-section-close-up-srk-steel.jpg,ms shs rhs section close up
ms-hollow-sections,4,/products/gallery5/ms-hollow-sections/ms-hollow-sections-warehouse-stock-srk-steel.jpg,/products/gallery5/ms-hollow-sections/ms-hollow-sections-product-view-srk-steel.jpg,ms hollow sections product view
ms-hollow-sections,5,/products/gallery5/ms-hollow-sections/ms-hollow-sections-application-srk-steel.jpg,/products/gallery5/ms-hollow-sections/ms-hollow-sections-warehouse-stock-srk-steel.jpg,ms hollow sections warehouse stock
ms-beams,1,/products/gallery5/ms-beams/ms-beams-supplier-gcc-srk-steel.jpg,/products/gallery5/ms-beams/ms-beam-steel-erection-application-srk-steel.jpg,ms beam steel erection application
ms-beams,2,/products/gallery5/ms-beams/ms-beams-product-view-srk-steel.jpg,/products/gallery5/ms-beams/ms-i-beams-warehouse-stock-srk-steel.jpg,ms i beams warehouse stock
ms-beams,3,/products/gallery5/ms-beams/ms-beams-close-up-srk-steel.jpg,/products/gallery5/ms-beams/ms-i-beam-section-close-up-srk-steel.jpg,ms i beam section close up
ms-beams,4,/products/gallery5/ms-beams/ms-beams-warehouse-stock-srk-steel.jpg,/products/gallery5/ms-beams/ms-beams-product-view-srk-steel.jpg,ms beams product view
ms-beams,5,/products/gallery5/ms-beams/ms-beams-application-srk-steel.jpg,/products/gallery5/ms-beams/mild-steel-beam-building-frame-srk-steel.jpg,mild steel beam building frame
ms-channels,1,/products/gallery5/ms-channels/ms-channels-supplier-gcc-srk-steel.jpg,/products/gallery5/ms-channels/ms-channel-structural-fabrication-srk-steel.jpg,ms channel structural fabrication
ms-channels,2,/products/gallery5/ms-channels/ms-channels-product-view-srk-steel.jpg,/products/gallery5/ms-channels/ms-channel-section-close-up-srk-steel.jpg,ms channel section close up
ms-channels,3,/products/gallery5/ms-channels/ms-channels-close-up-srk-steel.jpg,/products/gallery5/ms-channels/ms-channels-stacked-stock-srk-steel.jpg,ms channels stacked stock
ms-channels,4,/products/gallery5/ms-channels/ms-channels-warehouse-stock-srk-steel.jpg,/products/gallery5/ms-channels/ms-channels-product-view-srk-steel.jpg,ms channels product view
ms-channels,5,/products/gallery5/ms-channels/ms-channels-application-srk-steel.jpg,/products/gallery5/ms-channels/mild-steel-channels-warehouse-stock-srk-steel.jpg,mild steel channels warehouse stock
ms-bars,1,/products/gallery5/ms-bars/ms-bars-supplier-gcc-srk-steel.jpg,/products/gallery5/ms-bars/ms-round-bars-fabrication-stock-srk-steel.jpg,ms round bars fabrication stock
ms-bars,2,/products/gallery5/ms-bars/ms-bars-product-view-srk-steel.jpg,/products/gallery5/ms-bars/mild-steel-round-bar-ends-close-up-srk-steel.jpg,mild steel round bar ends close up
ms-bars,3,/products/gallery5/ms-bars/ms-bars-close-up-srk-steel.jpg,/products/gallery5/ms-bars/ms-bars-warehouse-bundle-srk-steel.jpg,ms bars warehouse bundle
ms-bars,4,/products/gallery5/ms-bars/ms-bars-warehouse-stock-srk-steel.jpg,/products/gallery5/ms-bars/mild-steel-round-bars-bundled-stock-srk-steel.jpg,mild steel round bars bundled stock
ms-bars,5,/products/gallery5/ms-bars/ms-bars-application-srk-steel.jpg,/products/gallery5/ms-bars/ms-bars-bulk-warehouse-stock-srk-steel.jpg,ms bars bulk warehouse stock
ms-angles,1,/products/gallery5/ms-angles/ms-angles-supplier-gcc-srk-steel.jpg,/products/gallery5/ms-angles/ms-angle-structural-steel-application-srk-steel.jpg,ms angle structural steel application
ms-angles,2,/products/gallery5/ms-angles/ms-angles-product-view-srk-steel.jpg,/products/gallery5/ms-angles/ms-angles-warehouse-bundle-srk-steel.jpg,ms angles warehouse bundle
ms-angles,3,/products/gallery5/ms-angles/ms-angles-close-up-srk-steel.jpg,/products/gallery5/ms-angles/ms-angle-l-profile-close-up-srk-steel.jpg,ms angle l profile close up
ms-angles,4,/products/gallery5/ms-angles/ms-angles-warehouse-stock-srk-steel.jpg,/products/gallery5/ms-angles/ms-angles-product-view-srk-steel.jpg,ms angles product view
ms-angles,5,/products/gallery5/ms-angles/ms-angles-application-srk-steel.jpg,/products/gallery5/ms-angles/mild-steel-angle-edge-close-up-srk-steel.jpg,mild steel angle edge close up
hr-coils-ms,1,/products/gallery5/hr-coils-ms/hr-coils-ms-supplier-gcc-srk-steel.jpg,/products/gallery5/hr-coils-ms/hot-rolled-coil-surface-close-up-srk-steel.jpg,hot rolled coil surface close up
hr-coils-ms,2,/products/gallery5/hr-coils-ms/hr-coils-ms-product-view-srk-steel.jpg,/products/gallery5/hr-coils-ms/hot-rolled-ms-coils-warehouse-stock-srk-steel.jpg,hot rolled ms coils warehouse stock
hr-coils-ms,3,/products/gallery5/hr-coils-ms/hr-coils-ms-close-up-srk-steel.jpg,/products/gallery5/hr-coils-ms/hr-coil-banded-edge-close-up-srk-steel.jpg,hr coil banded edge close up
hr-coils-ms,4,/products/gallery5/hr-coils-ms/hr-coils-ms-warehouse-stock-srk-steel.jpg,/products/gallery5/hr-coils-ms/hr-coils-ms-product-view-srk-steel.jpg,hr coils ms product view
hr-coils-ms,5,/products/gallery5/hr-coils-ms/hr-coils-ms-application-srk-steel.jpg,/products/gallery5/hr-coils-ms/hot-rolled-coil-dimension-check-srk-steel.jpg,hot rolled coil dimension check
cr-coils-ms,1,/products/gallery5/cr-coils-ms/cr-coils-ms-supplier-gcc-srk-steel.jpg,/products/gallery5/cr-coils-ms/cold-rolled-ms-coils-warehouse-stock-srk-steel.jpg,cold rolled ms coils warehouse stock
cr-coils-ms,2,/products/gallery5/cr-coils-ms/cr-coils-ms-product-view-srk-steel.jpg,/products/gallery5/cr-coils-ms/cold-rolled-coil-band-close-up-srk-steel.jpg,cold rolled coil band close up
cr-coils-ms,3,/products/gallery5/cr-coils-ms/cr-coils-ms-close-up-srk-steel.jpg,/products/gallery5/cr-coils-ms/cold-rolled-steel-coil-edge-close-up-srk-steel.jpg,cold rolled steel coil edge close up
cr-coils-ms,4,/products/gallery5/cr-coils-ms/cr-coils-ms-warehouse-stock-srk-steel.jpg,/products/gallery5/cr-coils-ms/cr-coils-ms-product-view-srk-steel.jpg,cr coils ms product view
cr-coils-ms,5,/products/gallery5/cr-coils-ms/cr-coils-ms-application-srk-steel.jpg,/products/gallery5/cr-coils-ms/cold-rolled-ms-coil-processing-line-srk-steel.jpg,cold rolled ms coil processing line
ms-sheets,1,/products/gallery5/ms-sheets/ms-sheets-supplier-gcc-srk-steel.jpg,/products/gallery5/ms-sheets/ms-sheets-packaged-stock-srk-steel.jpg,ms sheets packaged stock
ms-sheets,2,/products/gallery5/ms-sheets/ms-sheets-product-view-srk-steel.jpg,/products/gallery5/ms-sheets/mild-steel-sheets-warehouse-stack-srk-steel.jpg,mild steel sheets warehouse stack
ms-sheets,3,/products/gallery5/ms-sheets/ms-sheets-close-up-srk-steel.jpg,/products/gallery5/ms-sheets/ms-sheet-edge-close-up-srk-steel.jpg,ms sheet edge close up
ms-sheets,4,/products/gallery5/ms-sheets/ms-sheets-warehouse-stock-srk-steel.jpg,/products/gallery5/ms-sheets/ms-sheets-product-view-srk-steel.jpg,ms sheets product view
ms-sheets,5,/products/gallery5/ms-sheets/ms-sheets-application-srk-steel.jpg,/products/gallery5/ms-sheets/mild-steel-sheet-stack-close-up-srk-steel.jpg,mild steel sheet stack close up
ms-plates,1,/products/gallery5/ms-plates/ms-plates-supplier-gcc-srk-steel.jpg,/products/gallery5/ms-plates/ms-plates-pallet-stock-srk-steel.jpg,ms plates pallet stock
ms-plates,2,/products/gallery5/ms-plates/ms-plates-product-view-srk-steel.jpg,/products/gallery5/ms-plates/mild-steel-plate-warehouse-stack-srk-steel.jpg,mild steel plate warehouse stack
ms-plates,3,/products/gallery5/ms-plates/ms-plates-close-up-srk-steel.jpg,/products/gallery5/ms-plates/ms-plate-edge-close-up-srk-steel.jpg,ms plate edge close up
ms-plates,4,/products/gallery5/ms-plates/ms-plates-warehouse-stock-srk-steel.jpg,/products/gallery5/ms-plates/ms-plates-product-view-srk-steel.jpg,ms plates product view
ms-plates,5,/products/gallery5/ms-plates/ms-plates-application-srk-steel.jpg,/products/gallery5/ms-plates/thick-mild-steel-plates-close-up-srk-steel.jpg,thick mild steel plates close up
mild-steel-gratings,1,/products/gallery5/mild-steel-gratings/mild-steel-gratings-supplier-gcc-srk-steel.jpg,/products/gallery5/mild-steel-gratings/mild-steel-grating-industrial-walkway-srk-steel.jpg,mild steel grating industrial walkway
mild-steel-gratings,2,/products/gallery5/mild-steel-gratings/mild-steel-gratings-product-view-srk-steel.jpg,/products/gallery5/mild-steel-gratings/mild-steel-grating-stacked-panels-srk-steel.jpg,mild steel grating stacked panels
mild-steel-gratings,3,/products/gallery5/mild-steel-gratings/mild-steel-gratings-close-up-srk-steel.jpg,/products/gallery5/mild-steel-gratings/steel-grating-welded-grid-close-up-srk-steel.jpg,steel grating welded grid close up
mild-steel-gratings,4,/products/gallery5/mild-steel-gratings/mild-steel-gratings-warehouse-stock-srk-steel.jpg,/products/gallery5/mild-steel-gratings/mild-steel-gratings-product-view-srk-steel.jpg,mild steel gratings product view
mild-steel-gratings,5,/products/gallery5/mild-steel-gratings/mild-steel-gratings-application-srk-steel.jpg,/products/gallery5/mild-steel-gratings/steel-grating-edge-close-up-srk-steel.jpg,steel grating edge close up
decking-sheets-ms,1,/products/gallery5/decking-sheets-ms/decking-sheets-ms-supplier-gcc-srk-steel.jpg,/products/gallery5/decking-sheets-ms/ms-decking-sheet-embossed-profile-srk-steel.jpg,ms decking sheet embossed profile
decking-sheets-ms,2,/products/gallery5/decking-sheets-ms/decking-sheets-ms-product-view-srk-steel.jpg,/products/gallery5/decking-sheets-ms/ms-decking-sheet-profile-view-srk-steel.jpg,ms decking sheet profile view
decking-sheets-ms,3,/products/gallery5/decking-sheets-ms/decking-sheets-ms-close-up-srk-steel.jpg,/products/gallery5/decking-sheets-ms/ms-decking-sheet-embossing-close-up-srk-steel.jpg,ms decking sheet embossing close up
decking-sheets-ms,4,/products/gallery5/decking-sheets-ms/decking-sheets-ms-warehouse-stock-srk-steel.jpg,/products/gallery5/decking-sheets-ms/ms-decking-sheets-stacked-stock-srk-steel.jpg,ms decking sheets stacked stock
decking-sheets-ms,5,/products/gallery5/decking-sheets-ms/decking-sheets-ms-application-srk-steel.jpg,/products/gallery5/decking-sheets-ms/ms-decking-sheet-cross-section-profile-srk-steel.jpg,ms decking sheet cross section profile
ms-shear-studs,1,/products/gallery5/ms-shear-studs/ms-shear-studs-supplier-gcc-srk-steel.jpg,/products/gallery5/ms-shear-studs/ms-shear-studs-product-close-up-srk-steel.jpg,ms shear studs product close up
ms-shear-studs,2,/products/gallery5/ms-shear-studs/ms-shear-studs-product-view-srk-steel.jpg,/products/gallery5/ms-shear-studs/welded-shear-stud-base-close-up-srk-steel.jpg,welded shear stud base close up
ms-shear-studs,3,/products/gallery5/ms-shear-studs/ms-shear-studs-close-up-srk-steel.jpg,/products/gallery5/ms-shear-studs/ms-shear-studs-group-view-srk-steel.jpg,ms shear studs group view
ms-shear-studs,4,/products/gallery5/ms-shear-studs/ms-shear-studs-warehouse-stock-srk-steel.jpg,/products/gallery5/ms-shear-studs/ms-shear-studs-bundled-stock-srk-steel.jpg,ms shear studs bundled stock
ms-shear-studs,5,/products/gallery5/ms-shear-studs/ms-shear-studs-application-srk-steel.jpg,/products/gallery5/ms-shear-studs/shear-studs-installed-on-decking-sheet-srk-steel.jpg,shear studs installed on decking sheet
ss-coil,1,/products/gallery5/ss-coil/ss-coil-supplier-gcc-srk-steel.jpg,/products/gallery5/ss-coil/stainless-steel-coil-front-view-srk-steel.jpg,stainless steel coil front view
ss-coil,2,/products/gallery5/ss-coil/ss-coil-product-view-srk-steel.jpg,/products/gallery5/ss-coil/stainless-steel-coil-brushed-finish-close-up-srk-steel.jpg,stainless steel coil brushed finish close up
ss-coil,3,/products/gallery5/ss-coil/ss-coil-close-up-srk-steel.jpg,/products/gallery5/ss-coil/ss-coils-warehouse-stock-srk-steel.jpg,ss coils warehouse stock
ss-coil,4,/products/gallery5/ss-coil/ss-coil-warehouse-stock-srk-steel.jpg,/products/gallery5/ss-coil/ss-coil-product-view-srk-steel.jpg,ss coil product view
ss-coil,5,/products/gallery5/ss-coil/ss-coil-application-srk-steel.jpg,/products/gallery5/ss-coil/stainless-steel-coil-edge-close-up-srk-steel.jpg,stainless steel coil edge close up
ss-wire,1,/products/gallery5/ss-wire/ss-wire-supplier-gcc-srk-steel.jpg,/products/gallery5/ss-wire/stainless-steel-wire-coils-warehouse-stock-srk-steel.jpg,stainless steel wire coils warehouse stock
ss-wire,2,/products/gallery5/ss-wire/ss-wire-product-view-srk-steel.jpg,/products/gallery5/ss-wire/ss-wire-coil-pair-product-view-srk-steel.jpg,ss wire coil pair product view
ss-wire,3,/products/gallery5/ss-wire/ss-wire-close-up-srk-steel.jpg,/products/gallery5/ss-wire/stainless-steel-wire-bulk-stock-srk-steel.jpg,stainless steel wire bulk stock
ss-wire,4,/products/gallery5/ss-wire/ss-wire-warehouse-stock-srk-steel.jpg,/products/gallery5/ss-wire/ss-wire-product-view-srk-steel.jpg,ss wire product view
ss-wire,5,/products/gallery5/ss-wire/ss-wire-application-srk-steel.jpg,/products/gallery5/ss-wire/stainless-steel-wire-coil-close-up-srk-steel.jpg,stainless steel wire coil close up
ss-plain-sheet,1,/products/gallery5/ss-plain-sheet/ss-plain-sheet-supplier-gcc-srk-steel.jpg,/products/gallery5/ss-plain-sheet/stainless-steel-plain-sheet-stacked-stock-srk-steel.jpg,stainless steel plain sheet stacked stock
ss-plain-sheet,2,/products/gallery5/ss-plain-sheet/ss-plain-sheet-product-view-srk-steel.jpg,/products/gallery5/ss-plain-sheet/ss-plain-sheet-pallet-stock-srk-steel.jpg,ss plain sheet pallet stock
ss-plain-sheet,3,/products/gallery5/ss-plain-sheet/ss-plain-sheet-close-up-srk-steel.jpg,/products/gallery5/ss-plain-sheet/stainless-steel-sheets-warehouse-stock-srk-steel.jpg,stainless steel sheets warehouse stock
ss-plain-sheet,4,/products/gallery5/ss-plain-sheet/ss-plain-sheet-warehouse-stock-srk-steel.jpg,/products/gallery5/ss-plain-sheet/ss-plain-sheet-product-view-srk-steel.jpg,ss plain sheet product view
ss-plain-sheet,5,/products/gallery5/ss-plain-sheet/ss-plain-sheet-application-srk-steel.jpg,/products/gallery5/ss-plain-sheet/stainless-steel-brushed-sheet-close-up-srk-steel.jpg,stainless steel brushed sheet close up
ss-slitted-coil,1,/products/gallery5/ss-slitted-coil/ss-slitted-coil-supplier-gcc-srk-steel.jpg,/products/gallery5/ss-slitted-coil/stainless-steel-coil-slitting-line-srk-steel.jpg,stainless steel coil slitting line
ss-slitted-coil,2,/products/gallery5/ss-slitted-coil/ss-slitted-coil-product-view-srk-steel.jpg,/products/gallery5/ss-slitted-coil/ss-slitted-coils-product-view-srk-steel.jpg,ss slitted coils product view
ss-slitted-coil,3,/products/gallery5/ss-slitted-coil/ss-slitted-coil-close-up-srk-steel.jpg,/products/gallery5/ss-slitted-coil/stainless-steel-slitted-coil-warehouse-stock-srk-steel.jpg,stainless steel slitted coil warehouse stock
ss-slitted-coil,4,/products/gallery5/ss-slitted-coil/ss-slitted-coil-warehouse-stock-srk-steel.jpg,/products/gallery5/ss-slitted-coil/ss-slitted-coil-product-view-srk-steel.jpg,ss slitted coil product view
ss-slitted-coil,5,/products/gallery5/ss-slitted-coil/ss-slitted-coil-application-srk-steel.jpg,/products/gallery5/ss-slitted-coil/stainless-steel-slitting-machine-output-srk-steel.jpg,stainless steel slitting machine output
gi-coil,1,/products/gallery5/gi-coil/gi-coil-supplier-gcc-srk-steel.jpg,/products/gallery5/gi-coil/galvanized-steel-coil-supply-stock-srk-steel.jpg,galvanized steel coil supply stock
gi-coil,2,/products/gallery5/gi-coil/gi-coil-product-view-srk-steel.jpg,/products/gallery5/gi-coil/gi-coil-zinc-surface-close-up-srk-steel.jpg,gi coil zinc surface close up
gi-coil,3,/products/gallery5/gi-coil/gi-coil-close-up-srk-steel.jpg,/products/gallery5/gi-coil/galvanized-steel-coil-product-view-srk-steel.jpg,galvanized steel coil product view
gi-coil,4,/products/gallery5/gi-coil/gi-coil-warehouse-stock-srk-steel.jpg,/products/gallery5/gi-coil/gi-coil-60gsm-275gsm-coating-range-srk-steel.jpg,gi coil 60gsm 275gsm coating range
gi-coil,5,/products/gallery5/gi-coil/gi-coil-application-srk-steel.jpg,/products/gallery5/gi-coil/galvanized-steel-coils-warehouse-stock-srk-steel.jpg,galvanized steel coils warehouse stock
ppgi-coil,1,/products/gallery5/ppgi-coil/ppgi-coil-supplier-gcc-srk-steel.jpg,/products/gallery5/ppgi-coil/ppgi-coil-roofing-cladding-application-srk-steel.jpg,ppgi coil roofing cladding application
ppgi-coil,2,/products/gallery5/ppgi-coil/ppgi-coil-product-view-srk-steel.jpg,/products/gallery5/ppgi-coil/ppgi-blue-coating-surface-close-up-srk-steel.jpg,ppgi blue coating surface close up
ppgi-coil,3,/products/gallery5/ppgi-coil/ppgi-coil-close-up-srk-steel.jpg,/products/gallery5/ppgi-coil/ppgi-blue-coil-processing-line-srk-steel.jpg,ppgi blue coil processing line
ppgi-coil,4,/products/gallery5/ppgi-coil/ppgi-coil-warehouse-stock-srk-steel.jpg,/products/gallery5/ppgi-coil/ppgi-coil-product-view-srk-steel.jpg,ppgi coil product view
ppgi-coil,5,/products/gallery5/ppgi-coil/ppgi-coil-application-srk-steel.jpg,/products/gallery5/ppgi-coil/ppgi-colour-coated-coils-warehouse-stock-srk-steel.jpg,ppgi colour coated coils warehouse stock
aluzinc-coil,1,/products/gallery5/aluzinc-coil/aluzinc-coil-supplier-gcc-srk-steel.jpg,/products/gallery5/aluzinc-coil/aluzinc-roofing-sheet-application-srk-steel.jpg,aluzinc roofing sheet application
aluzinc-coil,2,/products/gallery5/aluzinc-coil/aluzinc-coil-product-view-srk-steel.jpg,/products/gallery5/aluzinc-coil/aluzinc-coating-surface-close-up-srk-steel.jpg,aluzinc coating surface close up
aluzinc-coil,3,/products/gallery5/aluzinc-coil/aluzinc-coil-close-up-srk-steel.jpg,/products/gallery5/aluzinc-coil/aluzinc-coil-product-view-srk-steel.jpg,aluzinc coil product view
aluzinc-coil,4,/products/gallery5/aluzinc-coil/aluzinc-coil-warehouse-stock-srk-steel.jpg,/products/gallery5/aluzinc-coil/aluzinc-coil-warehouse-view-srk-steel.jpg,aluzinc coil warehouse view
aluzinc-coil,5,/products/gallery5/aluzinc-coil/aluzinc-coil-application-srk-steel.jpg,/products/gallery5/aluzinc-coil/aluzinc-coil-bulk-stock-srk-steel.jpg,aluzinc coil bulk stock
pvdf-coils,1,/products/gallery5/pvdf-coils/pvdf-coils-supplier-gcc-srk-steel.jpg,/products/gallery5/pvdf-coils/pvdf-coated-coil-building-facade-application-srk-steel.jpg,pvdf coated coil building facade application
pvdf-coils,2,/products/gallery5/pvdf-coils/pvdf-coils-product-view-srk-steel.jpg,/products/gallery5/pvdf-coils/pvdf-coil-coated-edge-close-up-srk-steel.jpg,pvdf coil coated edge close up
pvdf-coils,3,/products/gallery5/pvdf-coils/pvdf-coils-close-up-srk-steel.jpg,/products/gallery5/pvdf-coils/pvdf-coated-aluminium-coil-product-stock-srk-steel.jpg,pvdf coated aluminium coil product stock
pvdf-coils,4,/products/gallery5/pvdf-coils/pvdf-coils-warehouse-stock-srk-steel.jpg,/products/gallery5/pvdf-coils/pvdf-coils-product-view-srk-steel.jpg,pvdf coils product view
pvdf-coils,5,/products/gallery5/pvdf-coils/pvdf-coils-application-srk-steel.jpg,/products/gallery5/pvdf-coils/pvdf-coated-coils-warehouse-stock-srk-steel.jpg,pvdf coated coils warehouse stock
gi-plain-sheet,1,/products/gallery5/gi-plain-sheet/gi-plain-sheet-supplier-gcc-srk-steel.jpg,/products/gallery5/gi-plain-sheet/gi-plain-sheet-duct-cladding-application-srk-steel.jpg,gi plain sheet duct cladding application
gi-plain-sheet,2,/products/gallery5/gi-plain-sheet/gi-plain-sheet-product-view-srk-steel.jpg,/products/gallery5/gi-plain-sheet/galvanized-sheet-zinc-surface-close-up-srk-steel.jpg,galvanized sheet zinc surface close up
gi-plain-sheet,3,/products/gallery5/gi-plain-sheet/gi-plain-sheet-close-up-srk-steel.jpg,/products/gallery5/gi-plain-sheet/gi-plain-sheet-stacked-stock-srk-steel.jpg,gi plain sheet stacked stock
gi-plain-sheet,4,/products/gallery5/gi-plain-sheet/gi-plain-sheet-warehouse-stock-srk-steel.jpg,/products/gallery5/gi-plain-sheet/gi-plain-sheet-product-view-srk-steel.jpg,gi plain sheet product view
gi-plain-sheet,5,/products/gallery5/gi-plain-sheet/gi-plain-sheet-application-srk-steel.jpg,/products/gallery5/gi-plain-sheet/galvanized-plain-sheet-warehouse-stock-srk-steel.jpg,galvanized plain sheet warehouse stock
gi-slitted-coils,1,/products/gallery5/gi-slitted-coils/gi-slitted-coils-supplier-gcc-srk-steel.jpg,/products/gallery5/gi-slitted-coils/gi-coil-slitting-line-srk-steel.jpg,gi coil slitting line
gi-slitted-coils,2,/products/gallery5/gi-slitted-coils/gi-slitted-coils-product-view-srk-steel.jpg,/products/gallery5/gi-slitted-coils/galvanized-slitted-coil-surface-close-up-srk-steel.jpg,galvanized slitted coil surface close up
gi-slitted-coils,3,/products/gallery5/gi-slitted-coils/gi-slitted-coils-close-up-srk-steel.jpg,/products/gallery5/gi-slitted-coils/gi-slitted-coils-pallet-stock-srk-steel.jpg,gi slitted coils pallet stock
gi-slitted-coils,4,/products/gallery5/gi-slitted-coils/gi-slitted-coils-warehouse-stock-srk-steel.jpg,/products/gallery5/gi-slitted-coils/gi-slitted-coils-product-view-srk-steel.jpg,gi slitted coils product view
gi-slitted-coils,5,/products/gallery5/gi-slitted-coils/gi-slitted-coils-application-srk-steel.jpg,/products/gallery5/gi-slitted-coils/gi-slitted-coils-warehouse-stock-srk-steel.jpg,gi slitted coils warehouse stock
ppgi-slitted-coils,1,/products/gallery5/ppgi-slitted-coils/ppgi-slitted-coils-supplier-gcc-srk-steel.jpg,/products/gallery5/ppgi-slitted-coils/ppgi-coil-slitting-line-srk-steel.jpg,ppgi coil slitting line
ppgi-slitted-coils,2,/products/gallery5/ppgi-slitted-coils/ppgi-slitted-coils-product-view-srk-steel.jpg,/products/gallery5/ppgi-slitted-coils/ppgi-slitted-coil-close-up-srk-steel.jpg,ppgi slitted coil close up
ppgi-slitted-coils,3,/products/gallery5/ppgi-slitted-coils/ppgi-slitted-coils-close-up-srk-steel.jpg,/products/gallery5/ppgi-slitted-coils/ppgi-slitted-coil-product-stock-srk-steel.jpg,ppgi slitted coil product stock
ppgi-slitted-coils,4,/products/gallery5/ppgi-slitted-coils/ppgi-slitted-coils-warehouse-stock-srk-steel.jpg,/products/gallery5/ppgi-slitted-coils/ppgi-slitted-coils-product-view-srk-steel.jpg,ppgi slitted coils product view
ppgi-slitted-coils,5,/products/gallery5/ppgi-slitted-coils/ppgi-slitted-coils-application-srk-steel.jpg,/products/gallery5/ppgi-slitted-coils/ppgi-slitted-coils-warehouse-pallets-srk-steel.jpg,ppgi slitted coils warehouse pallets
ppgi-plain-sheet,1,/products/gallery5/ppgi-plain-sheet/ppgi-plain-sheet-supplier-gcc-srk-steel.jpg,/products/gallery5/ppgi-plain-sheet/ppgi-plain-sheet-building-cladding-application-srk-steel.jpg,ppgi plain sheet building cladding application
ppgi-plain-sheet,2,/products/gallery5/ppgi-plain-sheet/ppgi-plain-sheet-product-view-srk-steel.jpg,/products/gallery5/ppgi-plain-sheet/ppgi-blue-sheet-stack-close-up-srk-steel.jpg,ppgi blue sheet stack close up
ppgi-plain-sheet,3,/products/gallery5/ppgi-plain-sheet/ppgi-plain-sheet-close-up-srk-steel.jpg,/products/gallery5/ppgi-plain-sheet/ppgi-plain-sheet-pallet-stock-srk-steel.jpg,ppgi plain sheet pallet stock
ppgi-plain-sheet,4,/products/gallery5/ppgi-plain-sheet/ppgi-plain-sheet-warehouse-stock-srk-steel.jpg,/products/gallery5/ppgi-plain-sheet/ppgi-plain-sheet-product-view-srk-steel.jpg,ppgi plain sheet product view
ppgi-plain-sheet,5,/products/gallery5/ppgi-plain-sheet/ppgi-plain-sheet-application-srk-steel.jpg,/products/gallery5/ppgi-plain-sheet/ppgi-plain-sheet-warehouse-stock-srk-steel.jpg,ppgi plain sheet warehouse stock
roof-insulated-panels,1,/products/gallery5/roof-insulated-panels/roof-insulated-panels-supplier-gcc-srk-steel.jpg,/products/gallery5/roof-insulated-panels/roof-insulated-panel-profile-cross-section-srk-steel.jpg,roof insulated panel profile cross section
roof-insulated-panels,2,/products/gallery5/roof-insulated-panels/roof-insulated-panels-product-view-srk-steel.jpg,/products/gallery5/roof-insulated-panels/roof-sandwich-panels-stacked-stock-srk-steel.jpg,roof sandwich panels stacked stock
roof-insulated-panels,3,/products/gallery5/roof-insulated-panels/roof-insulated-panels-close-up-srk-steel.jpg,/products/gallery5/roof-insulated-panels/blue-roof-insulated-panels-stock-srk-steel.jpg,blue roof insulated panels stock
roof-insulated-panels,4,/products/gallery5/roof-insulated-panels/roof-insulated-panels-warehouse-stock-srk-steel.jpg,/products/gallery5/roof-insulated-panels/roof-insulated-panels-gi-ppgi-product-view-srk-steel.jpg,roof insulated panels gi ppgi product view
roof-insulated-panels,5,/products/gallery5/roof-insulated-panels/roof-insulated-panels-application-srk-steel.jpg,/products/gallery5/roof-insulated-panels/roof-insulated-panel-core-close-up-srk-steel.jpg,roof insulated panel core close up
wall-insulated-panels,1,/products/gallery5/wall-insulated-panels/wall-insulated-panels-supplier-gcc-srk-steel.jpg,/products/gallery5/wall-insulated-panels/wall-insulated-panel-building-application-srk-steel.jpg,wall insulated panel building application
wall-insulated-panels,2,/products/gallery5/wall-insulated-panels/wall-insulated-panels-product-view-srk-steel.jpg,/products/gallery5/wall-insulated-panels/insulated-wall-panel-joint-close-up-srk-steel.jpg,insulated wall panel joint close up
wall-insulated-panels,3,/products/gallery5/wall-insulated-panels/wall-insulated-panels-close-up-srk-steel.jpg,/products/gallery5/wall-insulated-panels/wall-insulated-panels-stacked-stock-srk-steel.jpg,wall insulated panels stacked stock
wall-insulated-panels,4,/products/gallery5/wall-insulated-panels/wall-insulated-panels-warehouse-stock-srk-steel.jpg,/products/gallery5/wall-insulated-panels/wall-insulated-panels-product-view-srk-steel.jpg,wall insulated panels product view
wall-insulated-panels,5,/products/gallery5/wall-insulated-panels/wall-insulated-panels-application-srk-steel.jpg,/products/gallery5/wall-insulated-panels/insulated-wall-panels-warehouse-stock-srk-steel.jpg,insulated wall panels warehouse stock
corrugated-roofing-sheet,1,/products/gallery5/corrugated-roofing-sheet/galvanized-corrugated-roofing-sheet-dubai-uae-srk-steel.jpeg,/products/gallery5/corrugated-roofing-sheet/galvanized-corrugated-roofing-sheet-profile-stock-srk-steel.jpeg,galvanized corrugated roofing sheet profile stock
corrugated-roofing-sheet,2,/products/gallery5/corrugated-roofing-sheet/corrugated-sheet-price-in-uae-srk-steel.jpeg,/products/gallery5/corrugated-roofing-sheet/green-corrugated-roofing-sheets-stock-srk-steel.jpeg,green corrugated roofing sheets stock
corrugated-roofing-sheet,3,/products/gallery5/corrugated-roofing-sheet/corrugated-roofing-sheet-dubai-uae-price-srk-steel.jpeg,/products/gallery5/corrugated-roofing-sheet/corrugated-roofing-sheet-warehouse-bundle-srk-steel.jpeg,corrugated roofing sheet warehouse bundle
corrugated-roofing-sheet,4,/products/gallery5/corrugated-roofing-sheet/corrugated-roofing-sheet-dubai-uae-srk-steel.jpeg,/products/gallery5/corrugated-roofing-sheet/corrugated-roofing-sheet-roof-installation-srk-steel.jpeg,corrugated roofing sheet roof installation
corrugated-roofing-sheet,5,/products/gallery5/corrugated-roofing-sheet/corrugated-roofing-sheet-application-srk-steel.jpg,/products/gallery5/corrugated-roofing-sheet/blue-corrugated-roofing-sheet-product-view-srk-steel.jpg,blue corrugated roofing sheet product view
corrugated-wall-sheet,1,/products/gallery5/corrugated-wall-sheet/corrugated-wall-sheet-dubai-uae-srk-steel.jpeg,/products/gallery5/corrugated-wall-sheet/galvanized-corrugated-wall-sheet-stacked-stock-srk-steel.jpeg,galvanized corrugated wall sheet stacked stock
corrugated-wall-sheet,2,/products/gallery5/corrugated-wall-sheet/corrugated-wall-sheet-dubai-uae-price-srk-steel.jpeg,/products/gallery5/corrugated-wall-sheet/corrugated-wall-sheet-profile-bundle-srk-steel.jpeg,corrugated wall sheet profile bundle
corrugated-wall-sheet,3,/products/gallery5/corrugated-wall-sheet/galvanized-corrugated-wall-sheet-dubai-uae-srk-steel.jpeg,/products/gallery5/corrugated-wall-sheet/galvanized-corrugated-wall-sheet-close-up-srk-steel.jpeg,galvanized corrugated wall sheet close up
corrugated-wall-sheet,4,/products/gallery5/corrugated-wall-sheet/corrugated-wall-sheet-suppliers-in-dubai-srk-steel.jpeg,/products/gallery5/corrugated-wall-sheet/corrugated-wall-sheet-stacked-panels-srk-steel.jpeg,corrugated wall sheet stacked panels
corrugated-wall-sheet,5,/products/gallery5/corrugated-wall-sheet/gi-corrugated-sheet-suppliers-in-uae-srk-steel.jpeg,/products/gallery5/corrugated-wall-sheet/corrugated-wall-sheet-warehouse-stock-srk-steel.jpeg,corrugated wall sheet warehouse stock
corrugated-fence-sheet-panel,1,/products/gallery5/corrugated-fence-sheet-panel/corrugated-fence-sheet-panel-supplier-gcc-srk-steel.jpg,/products/gallery5/corrugated-fence-sheet-panel/corrugated-fence-sheet-installed-panel-srk-steel.jpg,corrugated fence sheet installed panel
corrugated-fence-sheet-panel,2,/products/gallery5/corrugated-fence-sheet-panel/corrugated-fence-sheet-panel-product-view-srk-steel.jpg,/products/gallery5/corrugated-fence-sheet-panel/corrugated-fence-panel-site-barrier-srk-steel.jpg,corrugated fence panel site barrier
corrugated-fence-sheet-panel,3,/products/gallery5/corrugated-fence-sheet-panel/corrugated-fence-sheet-panel-close-up-srk-steel.jpg,/products/gallery5/corrugated-fence-sheet-panel/galvanized-corrugated-fence-sheet-product-view-srk-steel.jpg,galvanized corrugated fence sheet product view
corrugated-fence-sheet-panel,4,/products/gallery5/corrugated-fence-sheet-panel/corrugated-fence-sheet-panel-warehouse-stock-srk-steel.jpg,/products/gallery5/corrugated-fence-sheet-panel/corrugated-fence-sheet-panel-product-view-srk-steel.jpg,corrugated fence sheet panel product view
corrugated-fence-sheet-panel,5,/products/gallery5/corrugated-fence-sheet-panel/corrugated-fence-sheet-panel-application-srk-steel.jpg,/products/gallery5/corrugated-fence-sheet-panel/corrugated-fence-sheet-stacked-stock-srk-steel.jpg,corrugated fence sheet stacked stock
corrugated-curve,1,/products/gallery5/corrugated-curve/best-corrugated-curved-roofing-sheets-supplier-dubai-srk-steel.jpeg,/products/gallery5/corrugated-curve/white-corrugated-curved-roofing-sheet-profile-srk-steel.jpeg,white corrugated curved roofing sheet profile
corrugated-curve,2,/products/gallery5/corrugated-curve/corrugated-curved-roofing-sheets-supplier-dubai-srk-steel.jpeg,/products/gallery5/corrugated-curve/blue-corrugated-curved-roof-sheet-srk-steel.jpeg,blue corrugated curved roof sheet
corrugated-curve,3,/products/gallery5/corrugated-curve/galvanised-corrugated-curved-roofing-sheets-supplier-dubai-srk-steel.jpeg,/products/gallery5/corrugated-curve/white-corrugated-curved-sheet-front-view-srk-steel.jpeg,white corrugated curved sheet front view
corrugated-curve,4,/products/gallery5/corrugated-curve/corrugated-curved-roofing-sheets-supplier-dubai-price-srk-steel.jpeg,/products/gallery5/corrugated-curve/corrugated-curved-roofing-sheet-colour-options-srk-steel.jpeg,corrugated curved roofing sheet colour options
corrugated-curve,5,/products/gallery5/corrugated-curve/galvanized-corrugated-curved-roofing-sheets-supplier-dubai-srk-steel.jpeg,/products/gallery5/corrugated-curve/blue-corrugated-curved-sheet-close-up-srk-steel.jpeg,blue corrugated curved sheet close up
corrugated-ridge,1,/products/gallery5/corrugated-ridge/corrugated-sheet-suppliers-in-dubai-srk-steel.jpeg,/products/gallery5/corrugated-ridge/galvanized-corrugated-ridge-sheet-stack-srk-steel.jpeg,galvanized corrugated ridge sheet stack
corrugated-ridge,2,/products/gallery5/corrugated-ridge/galvanised-corrugated-ridge-sheet-dubai-uae-srk-steel.jpeg,/products/gallery5/corrugated-ridge/corrugated-ridge-sheet-centre-profile-close-up-srk-steel.jpeg,corrugated ridge sheet centre profile close up
corrugated-ridge,3,/products/gallery5/corrugated-ridge/corrugated-ridge-sheet-dubai-uae-price-srk-steel.jpg,/products/gallery5/corrugated-ridge/corrugated-ridge-sheet-profile-stack-srk-steel.jpg,corrugated ridge sheet profile stack
corrugated-ridge,4,/products/gallery5/corrugated-ridge/galvanized-corrugated-ridge-sheet-dubai-uae-srk-steel.jpeg,/products/gallery5/corrugated-ridge/corrugated-ridge-sheet-product-view-srk-steel.jpeg,corrugated ridge sheet product view
corrugated-ridge,5,/products/gallery5/corrugated-ridge/gi-corrugated-sheet-suppliers-in-uae-srk-steel.jpeg,/products/gallery5/corrugated-ridge/corrugated-ridge-sheet-warehouse-stock-srk-steel.jpeg,corrugated ridge sheet warehouse stock
gutter-and-flashing,1,/products/gallery5/gutter-and-flashing/gutter-and-flashing-supplier-gcc-srk-steel.jpg,/products/gallery5/gutter-and-flashing/roof-gutter-downpipe-installation-srk-steel.jpg,roof gutter downpipe installation
gutter-and-flashing,2,/products/gallery5/gutter-and-flashing/gutter-and-flashing-product-view-srk-steel.jpg,/products/gallery5/gutter-and-flashing/metal-gutter-profile-close-up-srk-steel.jpg,metal gutter profile close up
gutter-and-flashing,3,/products/gallery5/gutter-and-flashing/gutter-and-flashing-close-up-srk-steel.jpg,/products/gallery5/gutter-and-flashing/roof-flashing-profiles-close-up-srk-steel.jpg,roof flashing profiles close up
gutter-and-flashing,4,/products/gallery5/gutter-and-flashing/gutter-and-flashing-warehouse-stock-srk-steel.jpg,/products/gallery5/gutter-and-flashing/gutter-and-flashing-product-range-srk-steel.jpg,gutter and flashing product range
gutter-and-flashing,5,/products/gallery5/gutter-and-flashing/gutter-and-flashing-application-srk-steel.jpg,/products/gallery5/gutter-and-flashing/gutter-flashing-warehouse-stock-srk-steel.jpg,gutter flashing warehouse stock
gi-decking-sheet,1,/products/gallery5/gi-decking-sheet/gi-decking-sheet-supplier-gcc-srk-steel.jpg,/products/gallery5/gi-decking-sheet/gi-decking-sheet-profile-stack-srk-steel.jpg,gi decking sheet profile stack
gi-decking-sheet,2,/products/gallery5/gi-decking-sheet/gi-decking-sheet-product-view-srk-steel.jpg,/products/gallery5/gi-decking-sheet/gi-metal-decking-floor-application-srk-steel.jpg,gi metal decking floor application
gi-decking-sheet,3,/products/gallery5/gi-decking-sheet/gi-decking-sheet-close-up-srk-steel.jpg,/products/gallery5/gi-decking-sheet/gi-decking-sheet-profile-view-srk-steel.jpg,gi decking sheet profile view
gi-decking-sheet,4,/products/gallery5/gi-decking-sheet/gi-decking-sheet-warehouse-stock-srk-steel.jpg,/products/gallery5/gi-decking-sheet/gi-decking-sheet-45-150-75-305-profile-srk-steel.jpg,gi decking sheet 45 150 75 305 profile
gi-decking-sheet,5,/products/gallery5/gi-decking-sheet/gi-decking-sheet-application-srk-steel.jpg,/products/gallery5/gi-decking-sheet/gi-decking-sheet-warehouse-bundles-srk-steel.jpg,gi decking sheet warehouse bundles
shear-studs,1,/products/gallery5/shear-studs/shear-studs-supplier-gcc-srk-steel.jpg,/products/gallery5/shear-studs/shear-studs-installed-on-steel-deck-srk-steel.jpg,shear studs installed on steel deck
shear-studs,2,/products/gallery5/shear-studs/shear-studs-product-view-srk-steel.jpg,/products/gallery5/shear-studs/shear-stud-head-close-up-srk-steel.jpg,shear stud head close up
shear-studs,3,/products/gallery5/shear-studs/shear-studs-close-up-srk-steel.jpg,/products/gallery5/shear-studs/loose-shear-studs-product-view-srk-steel.jpg,loose shear studs product view
shear-studs,4,/products/gallery5/shear-studs/shear-studs-warehouse-stock-srk-steel.jpg,/products/gallery5/shear-studs/shear-stud-product-view-srk-steel.jpg,shear stud product view
shear-studs,5,/products/gallery5/shear-studs/shear-studs-application-srk-steel.jpg,/products/gallery5/shear-studs/shear-studs-bundled-warehouse-stock-srk-steel.jpg,shear studs bundled warehouse stock
c-purlins,1,/products/gallery5/c-purlins/c-purlins-supplier-gcc-srk-steel.jpg,/products/gallery5/c-purlins/c-purlin-steel-frame-application-srk-steel.jpg,c purlin steel frame application
c-purlins,2,/products/gallery5/c-purlins/c-purlins-product-view-srk-steel.jpg,/products/gallery5/c-purlins/c-purlin-bundled-stock-srk-steel.jpg,c purlin bundled stock
c-purlins,3,/products/gallery5/c-purlins/c-purlins-close-up-srk-steel.jpg,/products/gallery5/c-purlins/punched-c-purlin-profile-close-up-srk-steel.jpg,punched c purlin profile close up
c-purlins,4,/products/gallery5/c-purlins/c-purlins-warehouse-stock-srk-steel.jpg,/products/gallery5/c-purlins/c-purlin-stacked-product-view-srk-steel.jpg,c purlin stacked product view
c-purlins,5,/products/gallery5/c-purlins/c-purlins-application-srk-steel.jpg,/products/gallery5/c-purlins/c-purlin-warehouse-bundle-srk-steel.jpg,c purlin warehouse bundle
z-purlins,1,/products/gallery5/z-purlins/z-purlins-supplier-gcc-srk-steel.jpg,/products/gallery5/z-purlins/z-purlin-roof-framing-application-srk-steel.jpg,z purlin roof framing application
z-purlins,2,/products/gallery5/z-purlins/z-purlins-product-view-srk-steel.jpg,/products/gallery5/z-purlins/z-purlin-edge-close-up-srk-steel.jpg,z purlin edge close up
z-purlins,3,/products/gallery5/z-purlins/z-purlins-close-up-srk-steel.jpg,/products/gallery5/z-purlins/z-purlin-profile-section-srk-steel.jpg,z purlin profile section
z-purlins,4,/products/gallery5/z-purlins/z-purlins-warehouse-stock-srk-steel.jpg,/products/gallery5/z-purlins/z-purlins-product-view-srk-steel.jpg,z purlins product view
z-purlins,5,/products/gallery5/z-purlins/z-purlins-application-srk-steel.jpg,/products/gallery5/z-purlins/z-purlins-warehouse-stock-srk-steel.jpg,z purlins warehouse stock
drywall-partition-systems,1,/products/gallery5/drywall-partition-systems/drywall-partition-systems-supplier-gcc-srk-steel.jpg,/products/gallery5/drywall-partition-systems/drywall-partition-metal-stud-framing-srk-steel.jpg,drywall partition metal stud framing
drywall-partition-systems,2,/products/gallery5/drywall-partition-systems/drywall-partition-systems-product-view-srk-steel.jpg,/products/gallery5/drywall-partition-systems/drywall-track-section-close-up-srk-steel.jpg,drywall track section close up
drywall-partition-systems,3,/products/gallery5/drywall-partition-systems/drywall-partition-systems-close-up-srk-steel.jpg,/products/gallery5/drywall-partition-systems/drywall-partition-stud-installation-srk-steel.jpg,drywall partition stud installation
drywall-partition-systems,4,/products/gallery5/drywall-partition-systems/drywall-partition-systems-warehouse-stock-srk-steel.jpg,/products/gallery5/drywall-partition-systems/drywall-partition-stud-track-product-view-srk-steel.jpg,drywall partition stud track product view
drywall-partition-systems,5,/products/gallery5/drywall-partition-systems/drywall-partition-systems-application-srk-steel.jpg,/products/gallery5/drywall-partition-systems/drywall-metal-framing-application-srk-steel.jpg,drywall metal framing application
strut-track,1,/products/gallery5/strut-track/strut-track-supplier-gcc-srk-steel.jpg,/products/gallery5/strut-track/strut-channel-pipe-support-application-srk-steel.jpg,strut channel pipe support application
strut-track,2,/products/gallery5/strut-track/strut-track-product-view-srk-steel.jpg,/products/gallery5/strut-track/strut-channel-bracket-connection-close-up-srk-steel.jpg,strut channel bracket connection close up
strut-track,3,/products/gallery5/strut-track/strut-track-close-up-srk-steel.jpg,/products/gallery5/strut-track/perforated-strut-track-sections-srk-steel.jpg,perforated strut track sections
strut-track,4,/products/gallery5/strut-track/strut-track-warehouse-stock-srk-steel.jpg,/products/gallery5/strut-track/strut-and-track-product-view-srk-steel.jpg,strut and track product view
strut-track,5,/products/gallery5/strut-track/strut-track-application-srk-steel.jpg,/products/gallery5/strut-track/strut-track-warehouse-stock-srk-steel.jpg,strut track warehouse stock
gi-pipe,1,/products/gallery5/gi-pipe/gi-pipe-supplier-gcc-srk-steel.jpg,/products/gallery5/gi-pipe/gi-pipe-industrial-piping-application-srk-steel.jpg,gi pipe industrial piping application
gi-pipe,2,/products/gallery5/gi-pipe/gi-pipe-product-view-srk-steel.jpg,/products/gallery5/gi-pipe/galvanized-pipe-bundled-stock-srk-steel.jpg,galvanized pipe bundled stock
gi-pipe,3,/products/gallery5/gi-pipe/gi-pipe-close-up-srk-steel.jpg,/products/gallery5/gi-pipe/gi-pipe-round-section-close-up-srk-steel.jpg,gi pipe round section close up
gi-pipe,4,/products/gallery5/gi-pipe/gi-pipe-warehouse-stock-srk-steel.jpg,/products/gallery5/gi-pipe/gi-pipe-product-view-srk-steel.jpg,gi pipe product view
gi-pipe,5,/products/gallery5/gi-pipe/gi-pipe-application-srk-steel.jpg,/products/gallery5/gi-pipe/galvanized-pipes-warehouse-stock-srk-steel.jpg,galvanized pipes warehouse stock
aluminium-coil,1,/products/gallery5/aluminium-coil/aluminium-coil-supplier-gcc-srk-steel.jpg,/products/gallery5/aluminium-coil/aluminium-coil-processing-line-srk-steel.jpg,aluminium coil processing line
aluminium-coil,2,/products/gallery5/aluminium-coil/aluminium-coil-product-view-srk-steel.jpg,/products/gallery5/aluminium-coil/aluminium-coil-surface-close-up-srk-steel.jpg,aluminium coil surface close up
aluminium-coil,3,/products/gallery5/aluminium-coil/aluminium-coil-close-up-srk-steel.jpg,/products/gallery5/aluminium-coil/aluminium-coil-warehouse-stock-srk-steel.jpg,aluminium coil warehouse stock
aluminium-coil,4,/products/gallery5/aluminium-coil/aluminium-coil-warehouse-stock-srk-steel.jpg,/products/gallery5/aluminium-coil/aluminium-coil-product-view-srk-steel.jpg,aluminium coil product view
aluminium-coil,5,/products/gallery5/aluminium-coil/aluminium-coil-application-srk-steel.jpg,/products/gallery5/aluminium-coil/aluminium-coil-bulk-warehouse-stock-srk-steel.jpg,aluminium coil bulk warehouse stock
aluminium-plain-sheet,1,/products/gallery5/aluminium-plain-sheet/aluminium-plain-sheet-supplier-gcc-srk-steel.jpg,/products/gallery5/aluminium-plain-sheet/aluminium-plain-sheet-fabrication-processing-srk-steel.jpg,aluminium plain sheet fabrication processing
aluminium-plain-sheet,2,/products/gallery5/aluminium-plain-sheet/aluminium-plain-sheet-product-view-srk-steel.jpg,/products/gallery5/aluminium-plain-sheet/aluminium-sheet-stack-close-up-srk-steel.jpg,aluminium sheet stack close up
aluminium-plain-sheet,3,/products/gallery5/aluminium-plain-sheet/aluminium-plain-sheet-close-up-srk-steel.jpg,/products/gallery5/aluminium-plain-sheet/aluminium-plain-sheet-pallet-stock-srk-steel.jpg,aluminium plain sheet pallet stock
aluminium-plain-sheet,4,/products/gallery5/aluminium-plain-sheet/aluminium-plain-sheet-warehouse-stock-srk-steel.jpg,/products/gallery5/aluminium-plain-sheet/aluminium-plain-sheet-product-view-srk-steel.jpg,aluminium plain sheet product view
aluminium-plain-sheet,5,/products/gallery5/aluminium-plain-sheet/aluminium-plain-sheet-application-srk-steel.jpg,/products/gallery5/aluminium-plain-sheet/aluminium-sheet-warehouse-pallet-stock-srk-steel.jpg,aluminium sheet warehouse pallet stock
pre-painted-aluminium-coils,1,/products/gallery5/pre-painted-aluminium-coils/pre-painted-aluminium-coils-supplier-gcc-srk-steel.jpg,/products/gallery5/pre-painted-aluminium-coils/pre-painted-aluminium-building-facade-application-srk-steel.jpg,pre painted aluminium building facade application
pre-painted-aluminium-coils,2,/products/gallery5/pre-painted-aluminium-coils/pre-painted-aluminium-coils-product-view-srk-steel.jpg,/products/gallery5/pre-painted-aluminium-coils/pre-painted-aluminium-coil-surface-close-up-srk-steel.jpg,pre painted aluminium coil surface close up
pre-painted-aluminium-coils,3,/products/gallery5/pre-painted-aluminium-coils/pre-painted-aluminium-coils-close-up-srk-steel.jpg,/products/gallery5/pre-painted-aluminium-coils/pre-painted-aluminium-colour-coils-stock-srk-steel.jpg,pre painted aluminium colour coils stock
pre-painted-aluminium-coils,4,/products/gallery5/pre-painted-aluminium-coils/pre-painted-aluminium-coils-warehouse-stock-srk-steel.jpg,/products/gallery5/pre-painted-aluminium-coils/pre-painted-aluminium-coil-product-view-srk-steel.jpg,pre painted aluminium coil product view
pre-painted-aluminium-coils,5,/products/gallery5/pre-painted-aluminium-coils/pre-painted-aluminium-coils-application-srk-steel.jpg,/products/gallery5/pre-painted-aluminium-coils/pre-painted-aluminium-coil-processing-line-srk-steel.jpg,pre painted aluminium coil processing line
pfmb-psmr-aluminium-alloy-3003-h14-coils,1,/products/gallery5/pfmb-psmr-aluminium-alloy-3003-h14-coils/pfmb-psmr-aluminium-alloy-3003-h14-coils-supplier-gcc-srk-steel.jpg,/products/gallery5/pfmb-psmr-aluminium-alloy-3003-h14-coils/aluminium-alloy-3003-h14-building-facade-application-srk-steel.jpg,aluminium alloy 3003 h14 building facade application
pfmb-psmr-aluminium-alloy-3003-h14-coils,2,/products/gallery5/pfmb-psmr-aluminium-alloy-3003-h14-coils/pfmb-psmr-aluminium-alloy-3003-h14-coils-product-view-srk-steel.jpg,/products/gallery5/pfmb-psmr-aluminium-alloy-3003-h14-coils/aluminium-alloy-coil-surface-close-up-srk-steel.jpg,aluminium alloy coil surface close up
pfmb-psmr-aluminium-alloy-3003-h14-coils,3,/products/gallery5/pfmb-psmr-aluminium-alloy-3003-h14-coils/pfmb-psmr-aluminium-alloy-3003-h14-coils-close-up-srk-steel.jpg,/products/gallery5/pfmb-psmr-aluminium-alloy-3003-h14-coils/pfmb-psmr-aluminium-coils-pallet-stock-srk-steel.jpg,pfmb psmr aluminium coils pallet stock
pfmb-psmr-aluminium-alloy-3003-h14-coils,4,/products/gallery5/pfmb-psmr-aluminium-alloy-3003-h14-coils/pfmb-psmr-aluminium-alloy-3003-h14-coils-warehouse-stock-srk-steel.jpg,/products/gallery5/pfmb-psmr-aluminium-alloy-3003-h14-coils/pfmb-psmr-aluminium-alloy-coils-product-view-srk-steel.jpg,pfmb psmr aluminium alloy coils product view
pfmb-psmr-aluminium-alloy-3003-h14-coils,5,/products/gallery5/pfmb-psmr-aluminium-alloy-3003-h14-coils/pfmb-psmr-aluminium-alloy-3003-h14-coils-application-srk-steel.jpg,/products/gallery5/pfmb-psmr-aluminium-alloy-3003-h14-coils/aluminium-alloy-3003-h14-coils-warehouse-stock-srk-steel.jpg,aluminium alloy 3003 h14 coils warehouse stock
